标准字段,中文字段别名,类型
hotel_id,酒店ID|酒店编号|门店ID,string
hotel_name,酒店名称|门店名称|酒店,string
platform,诊断渠道|渠道|平台|OTA渠道|channel|ota_channel,enum
channel_source,渠道来源|渠道名称|平台名称,string
data_date,日期|营业日期|业务日期|统计日期|data_date|biz_date|date,date
time_grain,时间粒度|统计粒度|数据粒度|time_grain,enum
period_start_field,开始日期|周期开始|统计开始日期|period_start_field,date
period_end_field,结束日期|周期结束|统计结束日期|period_end_field,date
revpar,RevPAR|revpar|平均可出租客房收入|每间可售房收入,number
adr,ADR|adr|平均房价|平均房费|销售均价|客单价,number
occupancy,出租率|入住率|过夜出租率|occupancy|occ,ratio
room_revenue,门店收入|房费收入|PMS房费收入|销售额|订单金额|客房收入|room_revenue|revenue|gmv,number
sold_room_nights,已售间夜|出租间夜|入住间夜|PMS已售间夜|售出间夜|间夜数|sold_room_nights|room_nights,number
available_room_nights,可售间夜|可售房晚|可售房量|客房数|available_room_nights|available_rooms,number
remaining_room_nights,剩余间夜|剩余房量|剩余可售房|remaining_room_nights|remaining_rooms,number
paid_orders,支付订单|支付订单数|成交订单|成交订单数|订单数|paid_orders|payment_orders|orders|order_count,number
peer_paid_orders,竞争圈支付订单|竞对支付订单|同行支付订单|竞争圈订单|竞对订单|peer_paid_orders|peer_orders|peer_avg_paid_orders,number
order_mom,订单环比|支付订单环比|订单增长率|paid_orders_mom|orders_mom|order_mom,ratio
room_revenue_target,收入目标|客房收入目标|revenue_target|room_revenue_target,number
revenue_mom,收入环比|客房收入环比|销售额环比|revenue_mom|room_revenue_mom,ratio
revenue_decline_months,收入连续下降月数|连续下降月数|revenue_decline_months|room_revenue_decline_months,number
season_or_market_explained,季节或商圈可解释|季节因素说明|商圈因素说明|season_or_market_explained,boolean
peer_revpar,竞争圈RevPAR|竞对RevPAR|同行RevPAR|peer_revpar|competitor_revpar|market_revpar,number
revpar_3m_avg,近3月RevPAR均值|RevPAR近3月均值|近三月RevPAR|revpar_3m_avg|last_3m_revpar_avg,number
peer_adr,竞争圈ADR|竞对ADR|同行ADR|peer_adr|competitor_adr|market_adr,number
lost_orders,流失订单数|流失订单|取消订单数|lost_orders,number
lost_amount,流失金额|流失损失|取消金额|lost_amount,number
ota_share,OTA占比|OTA间夜占比|OTA收入占比|ota_share|ota_occupancy_share|ota_room_night_share,ratio
ota_adr,OTA ADR|OTA平均房价|ota_adr|ota_avg_price,number
direct_adr,直销ADR|会员ADR|散客ADR|门市ADR|direct_adr|member_adr|walkin_adr,number
exposure,曝光|曝光量|列表曝光|展示次数|exposure,number
peer_exposure,竞争圈曝光|竞对曝光|同行曝光|竞争圈曝光量|peer_exposure|peer_avg_exposure|competitor_exposure,number
views,浏览|浏览量|详情浏览|访客数|UV|views,number
peer_views,竞争圈浏览|竞对浏览|同行浏览|竞争圈浏览量|peer_views|peer_avg_views|competitor_views,number
ad_exposure,广告曝光|付费曝光|推广曝光|ad_exposure|paid_exposure,number
organic_exposure,自然曝光|免费曝光|非广告曝光|organic_exposure|non_ad_exposure|free_exposure,number
ad_exposure_share,广告曝光占比|付费曝光占比|paid_exposure_share|ad_exposure_share,ratio
entry_coverage_rate,入口覆盖率|入口标签覆盖率|标签覆盖率|筛选入口覆盖率|entry_coverage_rate|poi_tag_coverage|tag_coverage|entry_tag_score,ratio
business_area_tag_status,商圈标签状态|商圈标签|business_area_tag_status,enum
poi_status,POI状态|POI标签|定位状态|poi_status,enum
facility_tag_status,设施标签状态|设施标签|facility_tag_status,enum
exposure_7d_trend,曝光7日趋势|曝光趋势|曝光环比|exposure_7d_trend|exposure_mom,ratio
views_7d_trend,浏览7日趋势|浏览趋势|浏览环比|views_7d_trend|views_mom,ratio
booking_conversion_rate,预订转化率|曝光-浏览转化|曝光浏览转化率|booking_conversion_rate,ratio
exposure_to_view_rate,曝光-浏览转化率|曝光浏览率|曝光到浏览率|exposure_to_view_rate,ratio
peer_exposure_to_view_rate,竞争圈曝光浏览转化率|竞对曝光浏览转化率|peer_exposure_to_view_rate|peer_booking_conversion_rate,ratio
payment_conversion_rate,支付转化率|浏览-支付转化|浏览支付转化率|payment_conversion_rate|pay_rate,ratio
peer_payment_conversion_rate,竞争圈支付转化率|竞对支付转化率|同行支付转化率|peer_payment_conversion_rate|peer_view_to_pay_rate,ratio
orders_low_days,订单低于竞对天数|订单低于竞争圈天数|orders_low_days|paid_orders_below_peer_days,number
conversion_low_days,转化低于竞对天数|转化低于竞争圈天数|conversion_low_days|payment_conversion_below_peer_days,number
order_structure_match_rate,订单结构匹配度|客源结构匹配度|order_structure_match_rate|customer_structure_match_rate,ratio
order_structure_status,订单结构状态|客源结构状态|order_structure_status,enum
sales_speed,销售速度|库存消耗速度|售卖速度|sell_through_rate|sales_speed,ratio
room_type_health_rate,房型健康率|房型结构健康率|房型完整度|room_type_health_rate,ratio
room_type_revpar_health,房型RevPAR健康率|房型RevPAR分层|高效房型占比|efficient_room_type_rate|room_type_revpar_health,ratio
price_completeness,价格完整度|价格字段完整度|有价率|price_completeness,ratio
price_band_coverage,价格带覆盖率|价格带覆盖|price_band_coverage,ratio
activity_price_consistency,活动价一致性|活动价格一致性|价差一致性|rate_parity_score|price_consistency|activity_price_consistency,ratio
reserved_room_rate,预留房占比|预留房比例|保留房比例|reserved_room_rate|reserved_room_ratio|reserve_room_rate,ratio
inventory_health_rate,库存健康率|房态健康率|库存健康度|房态健康度|inventory_health_rate,ratio
room_status_health_rate,房态健康率|房态可售率|room_status_health_rate,ratio
competitor_price_power,竞对价格承受力|价格承受力|价格竞争力|price_tolerance_score|competitor_price_power,ratio
promo_amount,推广订单金额|推广预订金额|推广成交金额|广告成交金额|promo_amount|promo_booking_amount|ad_booking_amount,number
promo_cost,推广花费|总花费|广告花费|广告消耗|promo_cost,number
promo_roi,ROI|推广ROI|广告ROI|promo_roi,number
promo_orders,推广订单数|广告订单数|推广成交订单|promo_orders|promo_booking_orders|ad_orders,number
promo_order_target,推广订单目标|广告订单目标|promo_order_target,number
promo_clicks,推广点击量|广告点击量|点击量|promo_clicks|ad_clicks|clicks,number
promo_exposure,推广曝光|广告曝光|付费曝光|promo_exposure,number
promo_ctr,推广点击率|广告点击率|点击率|promo_ctr|ad_ctr|click_rate,ratio
promo_cpc,推广CPC|广告CPC|点击单价|promo_cpc|ad_cpc|click_price,number
promo_roi_target,推广ROI目标|ROI目标|roi_target|promo_roi_target,number
promo_exposure_target,推广曝光目标|广告曝光目标|promo_exposure_target,number
promo_cpc_target,推广CPC目标|CPC目标|cpc_target|promo_cpc_target,number
promo_roi_7d_trend,推广ROI7日趋势|ROI趋势|ROI环比|promo_roi_7d_trend|roi_7d_trend,ratio
promo_order_7d_trend,推广订单7日趋势|推广订单趋势|promo_order_7d_trend|promo_orders_7d_trend,ratio
promo_detail_ready,推广明细是否完整|推广明细|promo_detail_ready,boolean
hotel_info_score,酒店信息分|门店信息分|美团信息分|hotel_info_score|meituan_info_score|info_score,number
hotel_name_keyword_status,酒店名称关键词状态|名称关键词|酒店名称状态|hotel_name_keyword_status|hotel_name_status,enum
benefit_coverage_rate,权益覆盖率|权益配置覆盖率|benefit_coverage_rate|rights_coverage_rate,ratio
rights_center_status,权益中心状态|权益中心|rights_center_status,enum
invoice_status,发票状态|发票配置|invoice_status,enum
business_travel_status,商旅状态|商旅配置|business_travel_status,enum
public_benefit_traffic_status,公益流量状态|公益流量|public_benefit_traffic_status,enum
image_quality_rating,图片质量评级|图片质量|image_quality_rating,enum
video_status,视频状态|视频|video_status,enum
highlight_status,亮点状态|亮点配置|highlight_status,enum
room_name_status,房型名称状态|房型命名|room_name_status,enum
room_description_status,房型描述状态|房型描述|room_description_status,enum
room_selling_point_status,房型卖点状态|房型卖点|卖点状态|room_selling_point_status,enum
entry_tag_quality,入口标签质量|入口标签|标签质量|entry_tag_quality,enum
facility_tag_coverage,设施标签覆盖率|设施标签覆盖|facility_tag_coverage,ratio
rating_total,平台评分|评分|点评分|rating_total,number
peer_rating_total,竞争圈评分|竞对评分|同行评分|peer_rating_total|peer_rating|competitor_rating,number
dianping_rating,大众点评评分|点评评分|dianping_rating|dp_rating,number
review_count,点评数量|评价数量|评论数量|review_count|reviews|rating_count,number
new_review_count,新增点评数|新增评价数|近30天新增评价|new_review_count|new_reviews_30d,number
review_reply_rate,评价回复率|点评回复率|评论回复率|review_reply_rate|reply_rate,ratio
bad_review_reply_rate,差评回复率|负面评价回复率|bad_review_reply_rate|negative_reply_rate,ratio
bad_review_rate,差评率|低分评价率|bad_review_rate,ratio
bad_review_tag_score,差评类型得分|差评标签得分|负面评价文本得分|bad_review_tag_score|negative_review_text_score,ratio
good_keyword_usage_rate,好评卖点反哺率|好评关键词使用率|好评卖点使用率|good_keyword_usage_rate|review_keyword_to_page_rate,ratio
good_review_keywords_used,好评关键词已反哺|好评卖点已使用|good_review_keywords_used,boolean
unreplied_reviews,未回复评价|未回复评价数|未回复评论|unreplied_reviews,number
field_completeness,字段完整度|数据完整度|field_completeness,ratio
completed_actions,已完成动作|已整改事项|完成动作数|completed_actions|completed_action_count,number
pending_actions,待处理动作|待整改事项|待处理动作数|pending_actions|pending_action_count,number
action_completion_rate,动作完成率|整改完成率|action_completion_rate|p0_p1_action_completion_rate,ratio
before_after_compare_ready,整改前后对比是否完整|前后对比完整|before_after_compare_ready|remediation_compare_ready,ratio
anomaly_review_rate,异常复盘率|异常复盘完整率|anomaly_review_rate|exception_review_rate,ratio
review_reason,复盘原因|问题原因|异常原因|review_reason|anomaly_reason,string
